,Time,Threshold,TN,FP,FN,TP
0,1,0.05,0,8148,0,12079
1,1,0.1,0,8148,0,12079
2,1,0.15000000000000002,0,8148,0,12079
3,1,0.2,0,8148,0,12079
4,1,0.25,1,8147,0,12079
5,1,0.30000000000000004,59,8089,17,12062
6,1,0.35000000000000003,100,8048,34,12045
7,1,0.4,302,7846,158,11921
8,1,0.45,440,7708,246,11833
9,1,0.5,972,7176,732,11347
10,1,0.55,1650,6498,1496,10583
11,1,0.6000000000000001,4366,3782,5314,6765
12,1,0.65,7046,1102,9622,2457
13,1,0.7000000000000001,7799,349,11158,921
14,1,0.75,8121,27,12008,71
15,1,0.8,8145,3,12078,1
16,1,0.8500000000000001,8147,1,12079,0
17,1,0.9,8148,0,12079,0
18,1,0.9500000000000001,8148,0,12079,0
19,2,0.05,0,6874,0,11483
20,2,0.1,0,6874,0,11483
21,2,0.15000000000000002,0,6874,0,11483
22,2,0.2,0,6874,0,11483
23,2,0.25,0,6874,0,11483
24,2,0.30000000000000004,2,6872,0,11483
25,2,0.35000000000000003,11,6863,9,11474
26,2,0.4,39,6835,30,11453
27,2,0.45,122,6752,100,11383
28,2,0.5,332,6542,273,11210
29,2,0.55,713,6161,738,10745
30,2,0.6000000000000001,1688,5186,2064,9419
31,2,0.65,3341,3533,4694,6789
32,2,0.7000000000000001,5840,1034,9087,2396
33,2,0.75,6511,363,10573,910
34,2,0.8,6855,19,11434,49
35,2,0.8500000000000001,6871,3,11476,7
36,2,0.9,6874,0,11481,2
37,2,0.9500000000000001,6874,0,11483,0
38,3,0.05,0,6118,0,10972
39,3,0.1,0,6118,0,10972
40,3,0.15000000000000002,0,6118,0,10972
41,3,0.2,1,6117,1,10971
42,3,0.25,2,6116,3,10969
43,3,0.30000000000000004,15,6103,12,10960
44,3,0.35000000000000003,59,6059,51,10921
45,3,0.4,133,5985,116,10856
46,3,0.45,383,5735,359,10613
47,3,0.5,791,5327,890,10082
48,3,0.55,1781,4337,2505,8467
49,3,0.6000000000000001,3671,2447,5890,5082
50,3,0.65,5372,746,9127,1845
51,3,0.7000000000000001,5828,290,10165,807
52,3,0.75,6100,18,10919,53
53,3,0.8,6116,2,10970,2
54,3,0.8500000000000001,6118,0,10972,0
55,3,0.9,6118,0,10972,0
56,3,0.9500000000000001,6118,0,10972,0
57,4,0.05,0,5552,0,10558
58,4,0.1,0,5552,0,10558
59,4,0.15000000000000002,0,5552,0,10558
60,4,0.2,0,5552,1,10557
61,4,0.25,5,5547,8,10550
62,4,0.30000000000000004,21,5531,18,10540
63,4,0.35000000000000003,47,5505,55,10503
64,4,0.4,152,5400,153,10405
65,4,0.45,347,5205,398,10160
66,4,0.5,795,4757,1105,9453
67,4,0.55,1594,3958,2543,8015
68,4,0.6000000000000001,3210,2342,5363,5195
69,4,0.65,4785,767,8587,1971
70,4,0.7000000000000001,5356,196,9978,580
71,4,0.75,5541,11,10505,53
72,4,0.8,5552,0,10555,3
73,4,0.8500000000000001,5552,0,10558,0
74,4,0.9,5552,0,10558,0
75,4,0.9500000000000001,5552,0,10558,0
76,5,0.05,0,5051,0,10111
77,5,0.1,0,5051,0,10111
78,5,0.15000000000000002,0,5051,0,10111
79,5,0.2,0,5051,0,10111
80,5,0.25,0,5051,0,10111
81,5,0.30000000000000004,8,5043,2,10109
82,5,0.35000000000000003,24,5027,11,10100
83,5,0.4,50,5001,47,10064
84,5,0.45,119,4932,133,9978
85,5,0.5,280,4771,361,9750
86,5,0.55,554,4497,799,9312
87,5,0.6000000000000001,1130,3921,1835,8276
88,5,0.65,2187,2864,3761,6350
89,5,0.7000000000000001,3822,1229,7036,3075
90,5,0.75,4745,306,9192,919
91,5,0.8,5023,28,10015,96
92,5,0.8500000000000001,5051,0,10107,4
93,5,0.9,5051,0,10111,0
94,5,0.9500000000000001,5051,0,10111,0
95,6,0.05,0,4623,0,9693
96,6,0.1,0,4623,0,9693
97,6,0.15000000000000002,0,4623,0,9693
98,6,0.2,0,4623,0,9693
99,6,0.25,0,4623,1,9692
100,6,0.30000000000000004,2,4621,4,9689
101,6,0.35000000000000003,31,4592,26,9667
102,6,0.4,60,4563,81,9612
103,6,0.45,161,4462,231,9462
104,6,0.5,334,4289,533,9160
105,6,0.55,780,3843,1342,8351
106,6,0.6000000000000001,1614,3009,2997,6696
107,6,0.65,3014,1609,5751,3942
108,6,0.7000000000000001,4105,518,8189,1504
109,6,0.75,4483,140,9254,439
110,6,0.8,4615,8,9657,36
111,6,0.8500000000000001,4623,0,9692,1
112,6,0.9,4623,0,9693,0
113,6,0.9500000000000001,4623,0,9693,0
114,7,0.05,0,4274,0,9261
115,7,0.1,0,4274,0,9261
116,7,0.15000000000000002,0,4274,0,9261
117,7,0.2,0,4274,0,9261
118,7,0.25,0,4274,0,9261
119,7,0.30000000000000004,0,4274,0,9261
120,7,0.35000000000000003,6,4268,5,9256
121,7,0.4,27,4247,35,9226
122,7,0.45,63,4211,92,9169
123,7,0.5,144,4130,212,9049
124,7,0.55,320,3954,517,8744
125,7,0.6000000000000001,713,3561,1298,7963
126,7,0.65,1580,2694,3016,6245
127,7,0.7000000000000001,2962,1312,5975,3286
128,7,0.75,3942,332,8250,1011
129,7,0.8,4244,30,9131,130
130,7,0.8500000000000001,4273,1,9259,2
131,7,0.9,4274,0,9261,0
132,7,0.9500000000000001,4274,0,9261,0
133,8,0.05,0,3986,0,8934
134,8,0.1,0,3986,0,8934
135,8,0.15000000000000002,0,3986,0,8934
136,8,0.2,0,3986,0,8934
137,8,0.25,2,3984,0,8934
138,8,0.30000000000000004,4,3982,3,8931
139,8,0.35000000000000003,13,3973,12,8922
140,8,0.4,52,3934,48,8886
141,8,0.45,118,3868,167,8767
142,8,0.5,254,3732,391,8543
143,8,0.55,525,3461,939,7995
144,8,0.6000000000000001,1082,2904,2147,6787
145,8,0.65,1914,2072,3950,4984
146,8,0.7000000000000001,3072,914,6468,2466
147,8,0.75,3709,277,8042,892
148,8,0.8,3951,35,8788,146
149,8,0.8500000000000001,3986,0,8932,2
150,8,0.9,3986,0,8934,0
151,8,0.9500000000000001,3986,0,8934,0
152,9,0.05,0,3726,0,8592
153,9,0.1,0,3726,0,8592
154,9,0.15000000000000002,0,3726,0,8592
155,9,0.2,1,3725,0,8592
156,9,0.25,5,3721,2,8590
157,9,0.30000000000000004,19,3707,16,8576
158,9,0.35000000000000003,36,3690,48,8544
159,9,0.4,83,3643,118,8474
160,9,0.45,188,3538,299,8293
161,9,0.5,405,3321,736,7856
162,9,0.55,870,2856,1689,6903
163,9,0.6000000000000001,1432,2294,2937,5655
164,9,0.65,2207,1519,4658,3934
165,9,0.7000000000000001,3230,496,7105,1487
166,9,0.75,3639,87,8223,369
167,9,0.8,3726,0,8585,7
168,9,0.8500000000000001,3726,0,8592,0
169,9,0.9,3726,0,8592,0
170,9,0.9500000000000001,3726,0,8592,0
171,10,0.05,0,3463,0,8284
172,10,0.1,0,3463,0,8284
173,10,0.15000000000000002,0,3463,0,8284
174,10,0.2,0,3463,0,8284
175,10,0.25,0,3463,0,8284
176,10,0.30000000000000004,3,3460,0,8284
177,10,0.35000000000000003,10,3453,12,8272
178,10,0.4,28,3435,36,8248
179,10,0.45,62,3401,102,8182
180,10,0.5,177,3286,288,7996
181,10,0.55,438,3025,798,7486
182,10,0.6000000000000001,925,2538,1991,6293
183,10,0.65,2049,1414,4557,3727
184,10,0.7000000000000001,2990,473,6870,1414
185,10,0.75,3356,107,7885,399
186,10,0.8,3444,19,8216,68
187,10,0.8500000000000001,3463,0,8284,0
188,10,0.9,3463,0,8284,0
189,10,0.9500000000000001,3463,0,8284,0
190,11,0.05,0,3239,0,7965
191,11,0.1,0,3239,0,7965
192,11,0.15000000000000002,0,3239,0,7965
193,11,0.2,0,3239,0,7965
194,11,0.25,0,3239,0,7965
195,11,0.30000000000000004,2,3237,0,7965
196,11,0.35000000000000003,8,3231,8,7957
197,11,0.4,19,3220,24,7941
198,11,0.45,43,3196,50,7915
199,11,0.5,92,3147,152,7813
200,11,0.55,228,3011,427,7538
201,11,0.6000000000000001,517,2722,1018,6947
202,11,0.65,1023,2216,2197,5768
203,11,0.7000000000000001,1994,1245,4575,3390
204,11,0.75,2964,275,7040,925
205,11,0.8,3208,31,7846,119
206,11,0.8500000000000001,3239,0,7963,2
207,11,0.9,3239,0,7965,0
208,11,0.9500000000000001,3239,0,7965,0
209,12,0.05,0,3007,0,7668
210,12,0.1,0,3007,0,7668
211,12,0.15000000000000002,0,3007,0,7668
212,12,0.2,0,3007,0,7668
213,12,0.25,0,3007,0,7668
214,12,0.30000000000000004,7,3000,0,7668
215,12,0.35000000000000003,9,2998,2,7666
216,12,0.4,19,2988,17,7651
217,12,0.45,54,2953,69,7599
218,12,0.5,148,2859,219,7449
219,12,0.55,310,2697,545,7123
220,12,0.6000000000000001,660,2347,1303,6365
221,12,0.65,1269,1738,2874,4794
222,12,0.7000000000000001,2275,732,5409,2259
223,12,0.75,2807,200,6903,765
224,12,0.8,2978,29,7553,115
225,12,0.8500000000000001,3007,0,7666,2
226,12,0.9,3007,0,7668,0
227,12,0.9500000000000001,3007,0,7668,0
228,13,0.05,0,2807,0,7400
229,13,0.1,0,2807,0,7400
230,13,0.15000000000000002,0,2807,0,7400
231,13,0.2,0,2807,0,7400
232,13,0.25,0,2807,0,7400
233,13,0.30000000000000004,2,2805,2,7398
234,13,0.35000000000000003,6,2801,6,7394
235,13,0.4,19,2788,16,7384
236,13,0.45,33,2774,43,7357
237,13,0.5,75,2732,158,7242
238,13,0.55,193,2614,347,7053
239,13,0.6000000000000001,374,2433,761,6639
240,13,0.65,783,2024,1720,5680
241,13,0.7000000000000001,1549,1258,3724,3676
242,13,0.75,2356,451,5877,1523
243,13,0.8,2708,99,6927,473
244,13,0.8500000000000001,2801,6,7355,45
245,13,0.9,2807,0,7400,0
246,13,0.9500000000000001,2807,0,7400,0
247,14,0.05,0,2627,0,7134
248,14,0.1,0,2627,0,7134
249,14,0.15000000000000002,0,2627,0,7134
250,14,0.2,0,2627,0,7134
251,14,0.25,0,2627,0,7134
252,14,0.30000000000000004,0,2627,0,7134
253,14,0.35000000000000003,3,2624,2,7132
254,14,0.4,5,2622,7,7127
255,14,0.45,11,2616,8,7126
256,14,0.5,21,2606,20,7114
257,14,0.55,51,2576,71,7063
258,14,0.6000000000000001,147,2480,275,6859
259,14,0.65,406,2221,853,6281
260,14,0.7000000000000001,949,1678,2290,4844
261,14,0.75,1914,713,4890,2244
262,14,0.8,2478,149,6586,548
263,14,0.8500000000000001,2621,6,7081,53
264,14,0.9,2627,0,7134,0
265,14,0.9500000000000001,2627,0,7134,0
266,15,0.05,0,2448,0,6851
267,15,0.1,0,2448,0,6851
268,15,0.15000000000000002,0,2448,0,6851
269,15,0.2,0,2448,0,6851
270,15,0.25,0,2448,0,6851
271,15,0.30000000000000004,0,2448,0,6851
272,15,0.35000000000000003,3,2445,2,6849
273,15,0.4,6,2442,4,6847
274,15,0.45,10,2438,12,6839
275,15,0.5,28,2420,30,6821
276,15,0.55,78,2370,118,6733
277,15,0.6000000000000001,178,2270,325,6526
278,15,0.65,410,2038,890,5961
279,15,0.7000000000000001,921,1527,2259,4592
280,15,0.75,1815,633,4695,2156
281,15,0.8,2291,157,6262,589
282,15,0.8500000000000001,2442,6,6787,64
283,15,0.9,2448,0,6851,0
284,15,0.9500000000000001,2448,0,6851,0
285,16,0.05,0,2299,0,6632
286,16,0.1,0,2299,0,6632
287,16,0.15000000000000002,0,2299,0,6632
288,16,0.2,0,2299,0,6632
289,16,0.25,0,2299,0,6632
290,16,0.30000000000000004,0,2299,1,6631
291,16,0.35000000000000003,2,2297,4,6628
292,16,0.4,6,2293,5,6627
293,16,0.45,14,2285,13,6619
294,16,0.5,32,2267,43,6589
295,16,0.55,79,2220,137,6495
296,16,0.6000000000000001,185,2114,390,6242
297,16,0.65,467,1832,1048,5584
298,16,0.7000000000000001,1013,1286,2627,4005
299,16,0.75,1759,540,4727,1905
300,16,0.8,2142,157,5988,644
301,16,0.8500000000000001,2278,21,6519,113
302,16,0.9,2299,0,6632,0
303,16,0.9500000000000001,2299,0,6632,0
304,17,0.05,0,2166,0,6416
305,17,0.1,0,2166,0,6416
306,17,0.15000000000000002,0,2166,0,6416
307,17,0.2,0,2166,0,6416
308,17,0.25,0,2166,0,6416
309,17,0.30000000000000004,1,2165,4,6412
310,17,0.35000000000000003,2,2164,7,6409
311,17,0.4,6,2160,9,6407
312,17,0.45,7,2159,17,6399
313,17,0.5,22,2144,41,6375
314,17,0.55,52,2114,103,6313
315,17,0.6000000000000001,130,2036,286,6130
316,17,0.65,345,1821,803,5613
317,17,0.7000000000000001,790,1376,2069,4347
318,17,0.75,1478,688,4055,2361
319,17,0.8,1964,202,5615,801
320,17,0.8500000000000001,2140,26,6275,141
321,17,0.9,2166,0,6414,2
322,17,0.9500000000000001,2166,0,6416,0
323,18,0.05,0,2044,0,6230
324,18,0.1,0,2044,0,6230
325,18,0.15000000000000002,0,2044,0,6230
326,18,0.2,0,2044,0,6230
327,18,0.25,0,2044,0,6230
328,18,0.30000000000000004,0,2044,0,6230
329,18,0.35000000000000003,2,2042,2,6228
330,18,0.4,3,2041,3,6227
331,18,0.45,6,2038,14,6216
332,18,0.5,12,2032,29,6201
333,18,0.55,44,2000,106,6124
334,18,0.6000000000000001,115,1929,286,5944
335,18,0.65,312,1732,831,5399
336,18,0.7000000000000001,782,1262,2190,4040
337,18,0.75,1488,556,4292,1938
338,18,0.8,1915,129,5652,578
339,18,0.8500000000000001,2038,6,6189,41
340,18,0.9,2044,0,6229,1
341,18,0.9500000000000001,2044,0,6230,0
342,19,0.05,0,1950,0,6039
343,19,0.1,0,1950,0,6039
344,19,0.15000000000000002,0,1950,0,6039
345,19,0.2,0,1950,0,6039
346,19,0.25,0,1950,0,6039
347,19,0.30000000000000004,0,1950,5,6034
348,19,0.35000000000000003,2,1948,6,6033
349,19,0.4,6,1944,13,6026
350,19,0.45,14,1936,26,6013
351,19,0.5,33,1917,75,5964
352,19,0.55,83,1867,188,5851
353,19,0.6000000000000001,214,1736,530,5509
354,19,0.65,453,1497,1261,4778
355,19,0.7000000000000001,928,1022,2685,3354
356,19,0.75,1515,435,4413,1626
357,19,0.8,1819,131,5494,545
358,19,0.8500000000000001,1939,11,5971,68
359,19,0.9,1949,1,6039,0
360,19,0.9500000000000001,1950,0,6039,0
361,20,0.05,0,1835,0,5839
362,20,0.1,0,1835,0,5839
363,20,0.15000000000000002,0,1835,0,5839
364,20,0.2,0,1835,0,5839
365,20,0.25,0,1835,0,5839
366,20,0.30000000000000004,1,1834,1,5838
367,20,0.35000000000000003,2,1833,2,5837
368,20,0.4,3,1832,3,5836
369,20,0.45,6,1829,7,5832
370,20,0.5,16,1819,48,5791
371,20,0.55,61,1774,170,5669
372,20,0.6000000000000001,206,1629,576,5263
373,20,0.65,515,1320,1434,4405
374,20,0.7000000000000001,1040,795,3048,2791
375,20,0.75,1541,294,4707,1132
376,20,0.8,1778,57,5594,245
377,20,0.8500000000000001,1834,1,5830,9
378,20,0.9,1835,0,5839,0
379,20,0.9500000000000001,1835,0,5839,0
380,21,0.05,0,1746,0,5642
381,21,0.1,0,1746,0,5642
382,21,0.15000000000000002,0,1746,0,5642
383,21,0.2,0,1746,0,5642
384,21,0.25,0,1746,0,5642
385,21,0.30000000000000004,2,1744,2,5640
386,21,0.35000000000000003,4,1742,2,5640
387,21,0.4,4,1742,4,5638
388,21,0.45,5,1741,12,5630
389,21,0.5,18,1728,36,5606
390,21,0.55,54,1692,114,5528
391,21,0.6000000000000001,128,1618,291,5351
392,21,0.65,312,1434,824,4818
393,21,0.7000000000000001,688,1058,1973,3669
394,21,0.75,1209,537,3609,2033
395,21,0.8,1545,201,4832,810
396,21,0.8500000000000001,1707,39,5476,166
397,21,0.9,1746,0,5642,0
398,21,0.9500000000000001,1746,0,5642,0
399,22,0.05,0,1644,0,5453
400,22,0.1,0,1644,0,5453
401,22,0.15000000000000002,0,1644,0,5453
402,22,0.2,0,1644,0,5453
403,22,0.25,0,1644,0,5453
404,22,0.30000000000000004,1,1643,0,5453
405,22,0.35000000000000003,1,1643,1,5452
406,22,0.4,2,1642,2,5451
407,22,0.45,3,1641,5,5448
408,22,0.5,9,1635,20,5433
409,22,0.55,29,1615,62,5391
410,22,0.6000000000000001,81,1563,169,5284
411,22,0.65,220,1424,535,4918
412,22,0.7000000000000001,462,1182,1385,4068
413,22,0.75,924,720,2782,2671
414,22,0.8,1348,296,4253,1200
415,22,0.8500000000000001,1579,65,5116,337
416,22,0.9,1643,1,5447,6
417,22,0.9500000000000001,1644,0,5453,0
418,23,0.05,0,1546,0,5269
419,23,0.1,0,1546,0,5269
420,23,0.15000000000000002,0,1546,0,5269
421,23,0.2,0,1546,0,5269
422,23,0.25,0,1546,0,5269
423,23,0.30000000000000004,0,1546,0,5269
424,23,0.35000000000000003,1,1545,1,5268
425,23,0.4,1,1545,2,5267
426,23,0.45,3,1543,2,5267
427,23,0.5,8,1538,16,5253
428,23,0.55,30,1516,69,5200
429,23,0.6000000000000001,84,1462,220,5049
430,23,0.65,249,1297,737,4532
431,23,0.7000000000000001,569,977,1762,3507
432,23,0.75,965,581,3096,2173
433,23,0.8,1350,196,4400,869
434,23,0.8500000000000001,1520,26,5110,159
435,23,0.9,1546,0,5265,4
436,23,0.9500000000000001,1546,0,5269,0
437,24,0.05,0,1462,0,5104
438,24,0.1,0,1462,0,5104
439,24,0.15000000000000002,0,1462,0,5104
440,24,0.2,0,1462,0,5104
441,24,0.25,0,1462,0,5104
442,24,0.30000000000000004,0,1462,0,5104
443,24,0.35000000000000003,0,1462,1,5103
444,24,0.4,0,1462,1,5103
445,24,0.45,2,1460,3,5101
446,24,0.5,8,1454,13,5091
447,24,0.55,24,1438,56,5048
448,24,0.6000000000000001,76,1386,197,4907
449,24,0.65,241,1221,684,4420
450,24,0.7000000000000001,550,912,1764,3340
451,24,0.75,1021,441,3351,1753
452,24,0.8,1359,103,4658,446
453,24,0.8500000000000001,1457,5,5091,13
454,24,0.9,1462,0,5104,0
455,24,0.9500000000000001,1462,0,5104,0
456,25,0.05,0,1386,0,4924
457,25,0.1,0,1386,0,4924
458,25,0.15000000000000002,0,1386,0,4924
459,25,0.2,0,1386,0,4924
460,25,0.25,0,1386,0,4924
461,25,0.30000000000000004,0,1386,0,4924
462,25,0.35000000000000003,1,1385,1,4923
463,25,0.4,2,1384,3,4921
464,25,0.45,4,1382,7,4917
465,25,0.5,12,1374,34,4890
466,25,0.55,42,1344,112,4812
467,25,0.6000000000000001,122,1264,382,4542
468,25,0.65,353,1033,1058,3866
469,25,0.7000000000000001,646,740,2106,2818
470,25,0.75,1027,359,3450,1474
471,25,0.8,1293,93,4446,478
472,25,0.8500000000000001,1371,15,4836,88
473,25,0.9,1386,0,4924,0
474,25,0.9500000000000001,1386,0,4924,0
475,26,0.05,0,1322,0,4743
476,26,0.1,0,1322,0,4743
477,26,0.15000000000000002,0,1322,0,4743
478,26,0.2,0,1322,0,4743
479,26,0.25,0,1322,0,4743
480,26,0.30000000000000004,1,1321,1,4742
481,26,0.35000000000000003,1,1321,1,4742
482,26,0.4,1,1321,5,4738
483,26,0.45,2,1320,7,4736
484,26,0.5,9,1313,20,4723
485,26,0.55,34,1288,77,4666
486,26,0.6000000000000001,102,1220,256,4487
487,26,0.65,277,1045,797,3946
488,26,0.7000000000000001,574,748,1770,2973
489,26,0.75,946,376,3231,1512
490,26,0.8,1223,99,4243,500
491,26,0.8500000000000001,1311,11,4657,86
492,26,0.9,1322,0,4743,0
493,26,0.9500000000000001,1322,0,4743,0
494,27,0.05,0,1270,0,4581
495,27,0.1,0,1270,0,4581
496,27,0.15000000000000002,0,1270,0,4581
497,27,0.2,0,1270,0,4581
498,27,0.25,0,1270,0,4581
499,27,0.30000000000000004,1,1269,0,4581
500,27,0.35000000000000003,1,1269,0,4581
501,27,0.4,3,1267,3,4578
502,27,0.45,3,1267,7,4574
503,27,0.5,12,1258,20,4561
504,27,0.55,28,1242,64,4517
505,27,0.6000000000000001,90,1180,246,4335
506,27,0.65,234,1036,652,3929
507,27,0.7000000000000001,409,861,1191,3390
508,27,0.75,740,530,2468,2113
509,27,0.8,1141,129,3983,598
510,27,0.8500000000000001,1252,18,4428,153
511,27,0.9,1270,0,4581,0
512,27,0.9500000000000001,1270,0,4581,0
513,28,0.05,0,1193,0,4422
514,28,0.1,0,1193,0,4422
515,28,0.15000000000000002,0,1193,0,4422
516,28,0.2,0,1193,0,4422
517,28,0.25,0,1193,0,4422
518,28,0.30000000000000004,0,1193,0,4422
519,28,0.35000000000000003,0,1193,0,4422
520,28,0.4,0,1193,1,4421
521,28,0.45,2,1191,3,4419
522,28,0.5,3,1190,4,4418
523,28,0.55,7,1186,10,4412
524,28,0.6000000000000001,21,1172,47,4375
525,28,0.65,52,1141,142,4280
526,28,0.7000000000000001,183,1010,512,3910
527,28,0.75,353,840,1128,3294
528,28,0.8,752,441,2634,1788
529,28,0.8500000000000001,1143,50,4134,288
530,28,0.9,1193,0,4419,3
531,28,0.9500000000000001,1193,0,4422,0
532,29,0.05,0,1134,0,4295
533,29,0.1,0,1134,0,4295
534,29,0.15000000000000002,0,1134,0,4295
535,29,0.2,0,1134,0,4295
536,29,0.25,0,1134,0,4295
537,29,0.30000000000000004,0,1134,0,4295
538,29,0.35000000000000003,1,1133,1,4294
539,29,0.4,2,1132,2,4293
540,29,0.45,4,1130,4,4291
541,29,0.5,8,1126,4,4291
542,29,0.55,19,1115,18,4277
543,29,0.6000000000000001,40,1094,77,4218
544,29,0.65,144,990,314,3981
545,29,0.7000000000000001,288,846,834,3461
546,29,0.75,620,514,2175,2120
547,29,0.8,1020,114,3710,585
548,29,0.8500000000000001,1119,15,4188,107
549,29,0.9,1134,0,4295,0
550,29,0.9500000000000001,1134,0,4295,0
551,30,0.05,0,1077,0,4150
552,30,0.1,0,1077,0,4150
553,30,0.15000000000000002,0,1077,0,4150
554,30,0.2,0,1077,0,4150
555,30,0.25,0,1077,0,4150
556,30,0.30000000000000004,0,1077,0,4150
557,30,0.35000000000000003,0,1077,0,4150
558,30,0.4,0,1077,1,4149
559,30,0.45,1,1076,4,4146
560,30,0.5,3,1074,13,4137
561,30,0.55,21,1056,39,4111
562,30,0.6000000000000001,49,1028,117,4033
563,30,0.65,132,945,307,3843
564,30,0.7000000000000001,225,852,637,3513
565,30,0.75,474,603,1616,2534
566,30,0.8,905,172,3343,807
567,30,0.8500000000000001,1049,28,3965,185
568,30,0.9,1077,0,4150,0
569,30,0.9500000000000001,1077,0,4150,0
570,31,0.05,0,1026,0,4027
571,31,0.1,0,1026,0,4027
572,31,0.15000000000000002,0,1026,0,4027
573,31,0.2,0,1026,0,4027
574,31,0.25,0,1026,0,4027
575,31,0.30000000000000004,0,1026,0,4027
576,31,0.35000000000000003,0,1026,0,4027
577,31,0.4,0,1026,0,4027
578,31,0.45,2,1024,1,4026
579,31,0.5,4,1022,3,4024
580,31,0.55,11,1015,24,4003
581,31,0.6000000000000001,38,988,99,3928
582,31,0.65,121,905,300,3727
583,31,0.7000000000000001,194,832,573,3454
584,31,0.75,445,581,1474,2553
585,31,0.8,861,165,3253,774
586,31,0.8500000000000001,999,27,3864,163
587,31,0.9,1026,0,4027,0
588,31,0.9500000000000001,1026,0,4027,0
589,32,0.05,0,976,0,3884
590,32,0.1,0,976,0,3884
591,32,0.15000000000000002,0,976,0,3884
592,32,0.2,0,976,0,3884
593,32,0.25,0,976,0,3884
594,32,0.30000000000000004,0,976,0,3884
595,32,0.35000000000000003,0,976,0,3884
596,32,0.4,0,976,0,3884
597,32,0.45,0,976,0,3884
598,32,0.5,0,976,2,3882
599,32,0.55,5,971,11,3873
600,32,0.6000000000000001,20,956,54,3830
601,32,0.65,87,889,182,3702
602,32,0.7000000000000001,124,852,339,3545
603,32,0.75,237,739,722,3162
604,32,0.8,608,368,2218,1666
605,32,0.8500000000000001,945,31,3680,204
606,32,0.9,976,0,3881,3
607,32,0.9500000000000001,976,0,3884,0
608,33,0.05,0,941,0,3753
609,33,0.1,0,941,0,3753
610,33,0.15000000000000002,0,941,0,3753
611,33,0.2,0,941,0,3753
612,33,0.25,0,941,0,3753
613,33,0.30000000000000004,0,941,1,3752
614,33,0.35000000000000003,0,941,3,3750
615,33,0.4,0,941,3,3750
616,33,0.45,0,941,5,3748
617,33,0.5,1,940,7,3746
618,33,0.55,6,935,18,3735
619,33,0.6000000000000001,18,923,58,3695
620,33,0.65,86,855,190,3563
621,33,0.7000000000000001,124,817,346,3407
622,33,0.75,280,661,907,2846
623,33,0.8,682,259,2541,1212
624,33,0.8500000000000001,907,34,3552,201
625,33,0.9,941,0,3753,0
626,33,0.9500000000000001,941,0,3753,0
627,34,0.05,0,906,0,3618
628,34,0.1,0,906,0,3618
629,34,0.15000000000000002,0,906,0,3618
630,34,0.2,0,906,0,3618
631,34,0.25,0,906,0,3618
632,34,0.30000000000000004,1,905,1,3617
633,34,0.35000000000000003,1,905,2,3616
634,34,0.4,1,905,4,3614
635,34,0.45,1,905,5,3613
636,34,0.5,2,904,9,3609
637,34,0.55,10,896,31,3587
638,34,0.6000000000000001,28,878,82,3536
639,34,0.65,88,818,196,3422
640,34,0.7000000000000001,123,783,316,3302
641,34,0.75,244,662,763,2855
642,34,0.8,661,245,2507,1111
643,34,0.8500000000000001,888,18,3491,127
644,34,0.9,906,0,3618,0
645,34,0.9500000000000001,906,0,3618,0
646,35,0.05,0,876,0,3501
647,35,0.1,0,876,0,3501
648,35,0.15000000000000002,0,876,0,3501
649,35,0.2,0,876,0,3501
650,35,0.25,0,876,0,3501
651,35,0.30000000000000004,0,876,0,3501
652,35,0.35000000000000003,0,876,0,3501
653,35,0.4,0,876,2,3499
654,35,0.45,0,876,2,3499
655,35,0.5,1,875,5,3496
656,35,0.55,3,873,12,3489
657,35,0.6000000000000001,22,854,35,3466
658,35,0.65,69,807,127,3374
659,35,0.7000000000000001,89,787,230,3271
660,35,0.75,148,728,438,3063
661,35,0.8,480,396,1729,1772
662,35,0.8500000000000001,848,28,3307,194
663,35,0.9,876,0,3498,3
664,35,0.9500000000000001,876,0,3501,0
665,36,0.05,0,841,0,3394
666,36,0.1,0,841,0,3394
667,36,0.15000000000000002,0,841,0,3394
668,36,0.2,0,841,0,3394
669,36,0.25,0,841,0,3394
670,36,0.30000000000000004,1,840,0,3394
671,36,0.35000000000000003,1,840,0,3394
672,36,0.4,1,840,1,3393
673,36,0.45,2,839,1,3393
674,36,0.5,4,837,2,3392
675,36,0.55,6,835,4,3390
676,36,0.6000000000000001,14,827,28,3366
677,36,0.65,70,771,110,3284
678,36,0.7000000000000001,89,752,193,3201
679,36,0.75,137,704,384,3010
680,36,0.8,419,422,1508,1886
681,36,0.8500000000000001,789,52,3097,297
682,36,0.9,841,0,3393,1
683,36,0.9500000000000001,841,0,3394,0
684,37,0.05,0,805,0,3284
685,37,0.1,0,805,0,3284
686,37,0.15000000000000002,0,805,0,3284
687,37,0.2,0,805,0,3284
688,37,0.25,1,804,0,3284
689,37,0.30000000000000004,1,804,0,3284
690,37,0.35000000000000003,1,804,1,3283
691,37,0.4,2,803,2,3282
692,37,0.45,2,803,5,3279
693,37,0.5,5,800,11,3273
694,37,0.55,15,790,27,3257
695,37,0.6000000000000001,28,777,53,3231
696,37,0.65,73,732,138,3146
697,37,0.7000000000000001,107,698,259,3025
698,37,0.75,211,594,704,2580
699,37,0.8,605,200,2284,1000
700,37,0.8500000000000001,782,23,3142,142
701,37,0.9,805,0,3282,2
702,37,0.9500000000000001,805,0,3284,0
703,38,0.05,0,766,0,3169
704,38,0.1,0,766,0,3169
705,38,0.15000000000000002,0,766,0,3169
706,38,0.2,0,766,0,3169
707,38,0.25,0,766,0,3169
708,38,0.30000000000000004,0,766,1,3168
709,38,0.35000000000000003,0,766,1,3168
710,38,0.4,0,766,2,3167
711,38,0.45,1,765,3,3166
712,38,0.5,1,765,6,3163
713,38,0.55,4,762,9,3160
714,38,0.6000000000000001,13,753,32,3137
715,38,0.65,26,740,64,3105
716,38,0.7000000000000001,70,696,156,3013
717,38,0.75,125,641,353,2816
718,38,0.8,340,426,1290,1879
719,38,0.8500000000000001,708,58,2833,336
720,38,0.9,764,2,3161,8
721,38,0.9500000000000001,766,0,3169,0
722,39,0.05,0,737,0,3066
723,39,0.1,0,737,0,3066
724,39,0.15000000000000002,0,737,0,3066
725,39,0.2,0,737,0,3066
726,39,0.25,0,737,1,3065
727,39,0.30000000000000004,1,736,1,3065
728,39,0.35000000000000003,1,736,2,3064
729,39,0.4,1,736,3,3063
730,39,0.45,3,734,4,3062
731,39,0.5,3,734,9,3057
732,39,0.55,10,727,19,3047
733,39,0.6000000000000001,54,683,78,2988
734,39,0.65,65,672,113,2953
735,39,0.7000000000000001,85,652,206,2860
736,39,0.75,175,562,561,2505
737,39,0.8,506,231,1962,1104
738,39,0.8500000000000001,706,31,2877,189
739,39,0.9,737,0,3066,0
740,39,0.9500000000000001,737,0,3066,0
741,40,0.05,0,710,0,2958
742,40,0.1,0,710,0,2958
743,40,0.15000000000000002,0,710,0,2958
744,40,0.2,0,710,0,2958
745,40,0.25,0,710,0,2958
746,40,0.30000000000000004,0,710,0,2958
747,40,0.35000000000000003,1,709,1,2957
748,40,0.4,1,709,2,2956
749,40,0.45,1,709,2,2956
750,40,0.5,1,709,3,2955
751,40,0.55,1,709,5,2953
752,40,0.6000000000000001,4,706,11,2947
753,40,0.65,9,701,40,2918
754,40,0.7000000000000001,57,653,118,2840
755,40,0.75,93,617,250,2708
756,40,0.8,284,426,963,1995
757,40,0.8500000000000001,649,61,2633,325
758,40,0.9,710,0,2958,0
759,40,0.9500000000000001,710,0,2958,0
760,41,0.05,0,682,0,2872
761,41,0.1,0,682,0,2872
762,41,0.15000000000000002,0,682,0,2872
763,41,0.2,0,682,0,2872
764,41,0.25,0,682,0,2872
765,41,0.30000000000000004,0,682,0,2872
766,41,0.35000000000000003,0,682,0,2872
767,41,0.4,0,682,0,2872
768,41,0.45,2,680,1,2871
769,41,0.5,2,680,2,2870
770,41,0.55,3,679,3,2869
771,41,0.6000000000000001,7,675,21,2851
772,41,0.65,18,664,41,2831
773,41,0.7000000000000001,67,615,127,2745
774,41,0.75,90,592,244,2628
775,41,0.8,246,436,881,1991
776,41,0.8500000000000001,609,73,2531,341
777,41,0.9,682,0,2871,1
778,41,0.9500000000000001,682,0,2872,0
779,42,0.05,0,657,0,2773
780,42,0.1,0,657,0,2773
781,42,0.15000000000000002,0,657,0,2773
782,42,0.2,0,657,0,2773
783,42,0.25,0,657,0,2773
784,42,0.30000000000000004,0,657,0,2773
785,42,0.35000000000000003,0,657,0,2773
786,42,0.4,1,656,0,2773
787,42,0.45,3,654,1,2772
788,42,0.5,5,652,1,2772
789,42,0.55,5,652,3,2770
790,42,0.6000000000000001,17,640,23,2750
791,42,0.65,55,602,82,2691
792,42,0.7000000000000001,71,586,151,2622
793,42,0.75,130,527,439,2334
794,42,0.8,434,223,1606,1167
795,42,0.8500000000000001,626,31,2586,187
796,42,0.9,657,0,2773,0
797,42,0.9500000000000001,657,0,2773,0
798,43,0.05,0,633,0,2698
799,43,0.1,0,633,0,2698
800,43,0.15000000000000002,0,633,0,2698
801,43,0.2,0,633,0,2698
802,43,0.25,0,633,0,2698
803,43,0.30000000000000004,0,633,0,2698
804,43,0.35000000000000003,0,633,0,2698
805,43,0.4,0,633,1,2697
806,43,0.45,1,632,2,2696
807,43,0.5,5,628,2,2696
808,43,0.55,6,627,2,2696
809,43,0.6000000000000001,9,624,9,2689
810,43,0.65,52,581,66,2632
811,43,0.7000000000000001,59,574,105,2593
812,43,0.75,74,559,204,2494
813,43,0.8,288,345,1022,1676
814,43,0.8500000000000001,570,63,2374,324
815,43,0.9,632,1,2695,3
816,43,0.9500000000000001,633,0,2698,0
817,44,0.05,0,614,0,2607
818,44,0.1,0,614,0,2607
819,44,0.15000000000000002,0,614,0,2607
820,44,0.2,0,614,0,2607
821,44,0.25,0,614,0,2607
822,44,0.30000000000000004,0,614,0,2607
823,44,0.35000000000000003,0,614,0,2607
824,44,0.4,1,613,0,2607
825,44,0.45,2,612,2,2605
826,44,0.5,2,612,3,2604
827,44,0.55,4,610,6,2601
828,44,0.6000000000000001,9,605,15,2592
829,44,0.65,50,564,72,2535
830,44,0.7000000000000001,60,554,120,2487
831,44,0.75,116,498,327,2280
832,44,0.8,306,308,1098,1509
833,44,0.8500000000000001,557,57,2266,341
834,44,0.9,614,0,2594,13
835,44,0.9500000000000001,614,0,2607,0
836,45,0.05,0,588,0,2527
837,45,0.1,0,588,0,2527
838,45,0.15000000000000002,0,588,0,2527
839,45,0.2,0,588,0,2527
840,45,0.25,0,588,0,2527
841,45,0.30000000000000004,0,588,0,2527
842,45,0.35000000000000003,0,588,0,2527
843,45,0.4,0,588,1,2526
844,45,0.45,1,587,3,2524
845,45,0.5,1,587,4,2523
846,45,0.55,4,584,9,2518
847,45,0.6000000000000001,10,578,26,2501
848,45,0.65,50,538,80,2447
849,45,0.7000000000000001,65,523,132,2395
850,45,0.75,119,469,348,2179
851,45,0.8,359,229,1301,1226
852,45,0.8500000000000001,562,26,2338,189
853,45,0.9,588,0,2527,0
854,45,0.9500000000000001,588,0,2527,0
855,46,0.05,0,572,0,2445
856,46,0.1,0,572,0,2445
857,46,0.15000000000000002,0,572,0,2445
858,46,0.2,0,572,0,2445
859,46,0.25,0,572,0,2445
860,46,0.30000000000000004,0,572,0,2445
861,46,0.35000000000000003,0,572,0,2445
862,46,0.4,0,572,0,2445
863,46,0.45,2,570,3,2442
864,46,0.5,2,570,6,2439
865,46,0.55,6,566,19,2426
866,46,0.6000000000000001,46,526,68,2377
867,46,0.65,52,520,85,2360
868,46,0.7000000000000001,67,505,141,2304
869,46,0.75,104,468,293,2152
870,46,0.8,296,276,1097,1348
871,46,0.8500000000000001,538,34,2187,258
872,46,0.9,572,0,2443,2
873,46,0.9500000000000001,572,0,2445,0
874,47,0.05,0,545,0,2379
875,47,0.1,0,545,0,2379
876,47,0.15000000000000002,0,545,0,2379
877,47,0.2,0,545,0,2379
878,47,0.25,0,545,0,2379
879,47,0.30000000000000004,0,545,0,2379
880,47,0.35000000000000003,0,545,0,2379
881,47,0.4,0,545,0,2379
882,47,0.45,0,545,0,2379
883,47,0.5,0,545,1,2378
884,47,0.55,1,544,6,2373
885,47,0.6000000000000001,5,540,18,2361
886,47,0.65,51,494,79,2300
887,47,0.7000000000000001,61,484,122,2257
888,47,0.75,103,442,295,2084
889,47,0.8,246,299,909,1470
890,47,0.8500000000000001,490,55,2024,355
891,47,0.9,544,1,2377,2
892,47,0.9500000000000001,545,0,2379,0
893,48,0.05,0,535,0,2312
894,48,0.1,0,535,0,2312
895,48,0.15000000000000002,0,535,0,2312
896,48,0.2,0,535,0,2312
897,48,0.25,0,535,0,2312
898,48,0.30000000000000004,0,535,0,2312
899,48,0.35000000000000003,0,535,0,2312
900,48,0.4,0,535,0,2312
901,48,0.45,1,534,3,2309
902,48,0.5,1,534,5,2307
903,48,0.55,3,532,6,2306
904,48,0.6000000000000001,7,528,18,2294
905,48,0.65,45,490,70,2242
906,48,0.7000000000000001,52,483,106,2206
907,48,0.75,90,445,254,2058
908,48,0.8,227,308,820,1492
909,48,0.8500000000000001,458,77,1916,396
910,48,0.9,534,1,2302,10
911,48,0.9500000000000001,535,0,2312,0
912,49,0.05,0,510,0,2248
913,49,0.1,0,510,0,2248
914,49,0.15000000000000002,0,510,0,2248
915,49,0.2,0,510,0,2248
916,49,0.25,0,510,0,2248
917,49,0.30000000000000004,1,509,0,2248
918,49,0.35000000000000003,1,509,0,2248
919,49,0.4,2,508,1,2247
920,49,0.45,2,508,3,2245
921,49,0.5,4,506,5,2243
922,49,0.55,8,502,20,2228
923,49,0.6000000000000001,48,462,69,2179
924,49,0.65,58,452,103,2145
925,49,0.7000000000000001,68,442,144,2104
926,49,0.75,130,380,376,1872
927,49,0.8,344,166,1313,935
928,49,0.8500000000000001,501,9,2190,58
929,49,0.9,510,0,2248,0
930,49,0.9500000000000001,510,0,2248,0
931,50,0.05,0,497,0,2193
932,50,0.1,0,497,0,2193
933,50,0.15000000000000002,0,497,0,2193
934,50,0.2,0,497,0,2193
935,50,0.25,0,497,0,2193
936,50,0.30000000000000004,0,497,0,2193
937,50,0.35000000000000003,0,497,0,2193
938,50,0.4,1,496,0,2193
939,50,0.45,1,496,3,2190
940,50,0.5,2,495,4,2189
941,50,0.55,6,491,12,2181
942,50,0.6000000000000001,13,484,27,2166
943,50,0.65,51,446,82,2111
944,50,0.7000000000000001,67,430,137,2056
945,50,0.75,103,394,281,1912
946,50,0.8,280,217,959,1234
947,50,0.8500000000000001,479,18,2075,118
948,50,0.9,497,0,2193,0
949,50,0.9500000000000001,497,0,2193,0
950,51,0.05,0,475,0,2134
951,51,0.1,0,475,0,2134
952,51,0.15000000000000002,0,475,0,2134
953,51,0.2,0,475,0,2134
954,51,0.25,0,475,0,2134
955,51,0.30000000000000004,0,475,0,2134
956,51,0.35000000000000003,1,474,0,2134
957,51,0.4,1,474,0,2134
958,51,0.45,1,474,0,2134
959,51,0.5,1,474,1,2133
960,51,0.55,5,470,5,2129
961,51,0.6000000000000001,12,463,19,2115
962,51,0.65,51,424,75,2059
963,51,0.7000000000000001,58,417,110,2024
964,51,0.75,83,392,207,1927
965,51,0.8,209,266,736,1398
966,51,0.8500000000000001,436,39,1882,252
967,51,0.9,475,0,2131,3
968,51,0.9500000000000001,475,0,2134,0
969,52,0.05,0,461,0,2082
970,52,0.1,0,461,0,2082
971,52,0.15000000000000002,0,461,0,2082
972,52,0.2,0,461,0,2082
973,52,0.25,0,461,0,2082
974,52,0.30000000000000004,0,461,1,2081
975,52,0.35000000000000003,0,461,1,2081
976,52,0.4,1,460,1,2081
977,52,0.45,2,459,1,2081
978,52,0.5,2,459,4,2078
979,52,0.55,5,456,14,2068
980,52,0.6000000000000001,43,418,58,2024
981,52,0.65,49,412,74,2008
982,52,0.7000000000000001,62,399,114,1968
983,52,0.75,86,375,214,1868
984,52,0.8,219,242,740,1342
985,52,0.8500000000000001,417,44,1800,282
986,52,0.9,461,0,2081,1
987,52,0.9500000000000001,461,0,2082,0
988,53,0.05,0,444,0,2024
989,53,0.1,0,444,0,2024
990,53,0.15000000000000002,0,444,0,2024
991,53,0.2,0,444,0,2024
992,53,0.25,0,444,0,2024
993,53,0.30000000000000004,0,444,1,2023
994,53,0.35000000000000003,0,444,1,2023
995,53,0.4,0,444,1,2023
996,53,0.45,1,443,3,2021
997,53,0.5,2,442,4,2020
998,53,0.55,8,436,13,2011
999,53,0.6000000000000001,10,434,26,1998
1000,53,0.65,49,395,93,1931
1001,53,0.7000000000000001,69,375,150,1874
1002,53,0.75,127,317,358,1666
1003,53,0.8,294,150,1156,868
1004,53,0.8500000000000001,435,9,1921,103
1005,53,0.9,444,0,2024,0
1006,53,0.9500000000000001,444,0,2024,0
1007,54,0.05,0,429,0,1969
1008,54,0.1,0,429,0,1969
1009,54,0.15000000000000002,0,429,0,1969
1010,54,0.2,0,429,0,1969
1011,54,0.25,0,429,0,1969
1012,54,0.30000000000000004,0,429,0,1969
1013,54,0.35000000000000003,0,429,1,1968
1014,54,0.4,0,429,2,1967
1015,54,0.45,0,429,3,1966
1016,54,0.5,0,429,5,1964
1017,54,0.55,2,427,12,1957
1018,54,0.6000000000000001,8,421,20,1949
1019,54,0.65,47,382,80,1889
1020,54,0.7000000000000001,58,371,135,1834
1021,54,0.75,106,323,317,1652
1022,54,0.8,284,145,1177,792
1023,54,0.8500000000000001,412,17,1873,96
1024,54,0.9,429,0,1969,0
1025,54,0.9500000000000001,429,0,1969,0
1026,55,0.05,0,417,0,1915
1027,55,0.1,0,417,0,1915
1028,55,0.15000000000000002,0,417,0,1915
1029,55,0.2,0,417,0,1915
1030,55,0.25,0,417,0,1915
1031,55,0.30000000000000004,1,416,0,1915
1032,55,0.35000000000000003,1,416,0,1915
1033,55,0.4,1,416,0,1915
1034,55,0.45,1,416,1,1914
1035,55,0.5,1,416,1,1914
1036,55,0.55,2,415,6,1909
1037,55,0.6000000000000001,7,410,16,1899
1038,55,0.65,44,373,73,1842
1039,55,0.7000000000000001,51,366,122,1793
1040,55,0.75,87,330,276,1639
1041,55,0.8,237,180,947,968
1042,55,0.8500000000000001,392,25,1761,154
1043,55,0.9,417,0,1915,0
1044,55,0.9500000000000001,417,0,1915,0
1045,56,0.05,0,395,0,1870
1046,56,0.1,0,395,0,1870
1047,56,0.15000000000000002,0,395,0,1870
1048,56,0.2,0,395,0,1870
1049,56,0.25,0,395,0,1870
1050,56,0.30000000000000004,0,395,0,1870
1051,56,0.35000000000000003,0,395,0,1870
1052,56,0.4,1,394,0,1870
1053,56,0.45,1,394,0,1870
1054,56,0.5,1,394,1,1869
1055,56,0.55,5,390,12,1858
1056,56,0.6000000000000001,41,354,57,1813
1057,56,0.65,48,347,70,1800
1058,56,0.7000000000000001,57,338,114,1756
1059,56,0.75,78,317,216,1654
1060,56,0.8,185,210,719,1151
1061,56,0.8500000000000001,361,34,1610,260
1062,56,0.9,395,0,1870,0
1063,56,0.9500000000000001,395,0,1870,0
1064,57,0.05,0,386,0,1822
1065,57,0.1,0,386,0,1822
1066,57,0.15000000000000002,0,386,0,1822
1067,57,0.2,0,386,0,1822
1068,57,0.25,0,386,0,1822
1069,57,0.30000000000000004,0,386,0,1822
1070,57,0.35000000000000003,0,386,0,1822
1071,57,0.4,0,386,0,1822
1072,57,0.45,0,386,2,1820
1073,57,0.5,1,385,5,1817
1074,57,0.55,3,383,13,1809
1075,57,0.6000000000000001,41,345,54,1768
1076,57,0.65,43,343,66,1756
1077,57,0.7000000000000001,51,335,108,1714
1078,57,0.75,79,307,210,1612
1079,57,0.8,209,177,769,1053
1080,57,0.8500000000000001,370,16,1699,123
1081,57,0.9,386,0,1822,0
1082,57,0.9500000000000001,386,0,1822,0
1083,58,0.05,0,376,0,1783
1084,58,0.1,0,376,0,1783
1085,58,0.15000000000000002,0,376,0,1783
1086,58,0.2,0,376,0,1783
1087,58,0.25,0,376,0,1783
1088,58,0.30000000000000004,0,376,0,1783
1089,58,0.35000000000000003,0,376,0,1783
1090,58,0.4,0,376,0,1783
1091,58,0.45,0,376,0,1783
1092,58,0.5,0,376,0,1783
1093,58,0.55,0,376,1,1782
1094,58,0.6000000000000001,0,376,2,1781
1095,58,0.65,8,368,12,1771
1096,58,0.7000000000000001,44,332,59,1724
1097,58,0.75,54,322,98,1685
1098,58,0.8,79,297,212,1571
1099,58,0.8500000000000001,244,132,953,830
1100,58,0.9,373,3,1757,26
1101,58,0.9500000000000001,376,0,1783,0
1102,59,0.05,0,370,0,1737
1103,59,0.1,0,370,0,1737
1104,59,0.15000000000000002,0,370,0,1737
1105,59,0.2,0,370,0,1737
1106,59,0.25,0,370,0,1737
1107,59,0.30000000000000004,0,370,0,1737
1108,59,0.35000000000000003,0,370,0,1737
1109,59,0.4,0,370,0,1737
1110,59,0.45,0,370,0,1737
1111,59,0.5,1,369,2,1735
1112,59,0.55,1,369,5,1732
1113,59,0.6000000000000001,6,364,12,1725
1114,59,0.65,45,325,59,1678
1115,59,0.7000000000000001,47,323,90,1647
1116,59,0.75,79,291,171,1566
1117,59,0.8,180,190,630,1107
1118,59,0.8500000000000001,330,40,1425,312
1119,59,0.9,369,1,1735,2
1120,59,0.9500000000000001,370,0,1737,0
1121,60,0.05,0,356,0,1697
1122,60,0.1,0,356,0,1697
1123,60,0.15000000000000002,0,356,0,1697
1124,60,0.2,0,356,0,1697
1125,60,0.25,0,356,0,1697
1126,60,0.30000000000000004,0,356,0,1697
1127,60,0.35000000000000003,0,356,0,1697
1128,60,0.4,0,356,0,1697
1129,60,0.45,0,356,0,1697
1130,60,0.5,3,353,2,1695
1131,60,0.55,7,349,12,1685
1132,60,0.6000000000000001,8,348,19,1678
1133,60,0.65,51,305,85,1612
1134,60,0.7000000000000001,66,290,158,1539
1135,60,0.75,137,219,450,1247
1136,60,0.8,265,91,1144,553
1137,60,0.8500000000000001,353,3,1669,28
1138,60,0.9,356,0,1696,1
1139,60,0.9500000000000001,356,0,1697,0
